Time,Temperature,Pressure,Sound,Light,Pressure,Humidity,Comment
s,Â°C,kPa,dBA,lx,kPa,%RH,

0,10.9,96.8,41.5,81,97.18,57.2,
0.96,10.8,96.8,40.0,88,97.18,57.2,
1.92,10.8,96.8,54.8,107,97.18,57.1,
2.88,10.8,96.7,58.7,120,97.18,57.1,
3.84,10.8,96.8,67.9,123,97.14,57.1,
4.8,10.8,96.8,68.0,116,97.12,57.1,
5.76,10.8,96.8,72.4,117,97.17,57.0,
6.72,10.8,96.8,57.1,108,97.19,57.0,
7.68,10.8,96.8,40.0,110,97.19,57.0,
8.64,10.8,96.7,76.7,112,97.17,57.0,
9.6,10.8,96.8,83.9,111,97.17,57.0,
10.56,10.8,96.8,40.6,113,97.16,57.0,
11.52,10.8,96.7,51.2,116,97.16,57.0,
12.48,10.8,96.8,74.7,117,97.20,57.0,
13.44,10.8,96.8,63.7,119,97.18,57.0,
14.4,10.8,96.8,42.1,101,97.13,57.0,
15.36,10.8,96.8,58.0,118,97.18,56.9,
16.32,10.8,96.8,74.9,121,97.17,56.9,
17.28,10.8,96.8,40.0,134,97.20,56.9,
18.24,10.8,96.8,57.1,136,97.18,56.9,
19.2,10.8,96.8,75.4,135,97.15,56.9,
20.16,10.8,96.8,49.8,122,97.16,56.9,
21.12,10.8,96.8,66.1,95,97.17,56.9,
22.08,10.8,96.8,67.2,68,97.18,56.9,
23.04,10.8,96.7,66.4,50,97.14,56.9,
24,10.8,96.8,83.3,87,97.18,56.9,
24.96,10.8,96.8,40.0,99,97.17,56.9,
25.92,10.8,96.8,78.9,99,97.17,56.9,
26.88,10.8,96.8,73.9,105,97.19,56.9,
27.84,10.8,96.8,63.9,115,97.19,56.9,
28.8,10.8,96.8,42.3,122,97.18,56.9,
29.76,10.8,96.8,69.2,131,97.17,56.9,
30.72,10.8,96.8,75.9,135,97.18,56.9,
31.68,10.8,96.8,75.2,136,97.17,56.9,
32.64,10.8,96.8,40.0,131,97.14,56.9,
33.6,10.8,96.8,64.7,107,97.16,56.9,
34.56,10.8,96.8,79.9,81,97.17,56.9,
35.52,10.8,96.8,74.2,79,97.16,56.9,
36.48,10.8,96.8,67.8,84,97.18,56.9,
37.44,10.8,96.8,72.0,105,97.17,56.9,
38.4,10.8,96.8,58.6,119,97.16,56.9,
39.36,10.8,96.7,68.5,133,97.19,56.9,
40.32,10.8,96.8,65.1,135,97.17,56.9,
41.28,10.8,96.8,73.9,128,97.13,56.9,
42.24,10.8,96.8,42.9,124,97.18,56.9,
43.2,10.8,96.8,63.2,133,97.16,56.9,
44.16,10.8,96.8,64.1,131,97.16,56.9,
45.12,10.8,96.8,40.0,132,97.19,56.9,
46.08,10.8,96.8,40.0,126,97.16,56.9,
47.04,10.8,96.8,65.6,107,97.16,56.9,
48,10.8,96.8,67.1,101,97.17,56.9,
48.96,10.8,96.8,66.7,91,97.13,56.9,
49.92,10.8,96.8,72.1,95,97.15,56.9,
50.88,10.8,96.8,54.8,111,97.16,56.9,
51.84,10.8,96.8,40.0,123,97.16,56.9,
52.8,10.8,96.8,76.2,111,97.17,56.9,
53.76,10.8,96.8,71.0,102,97.17,56.9,
54.72,10.8,96.8,40.5,89,97.14,56.9,
55.68,10.8,96.8,83.4,87,97.17,56.9,
56.64,10.8,96.8,43.3,91,97.18,56.9,
57.6,10.8,96.8,54.7,97,97.16,56.8,
58.56,10.8,96.8,53.9,101,97.18,56.8,
59.52,10.8,96.8,76.1,103,97.16,56.8,
60.48,10.8,96.8,67.0,60,97.18,56.8,
61.44,10.8,96.8,59.4,11,97.18,56.9,
62.4,10.8,96.8,62.2,5,97.16,56.9,
63.36,10.8,96.8,71.0,4,97.15,56.9,
64.32,10.8,96.8,42.3,4,97.19,57.0,
65.28,10.8,96.8,77.6,4,97.18,57.0,
66.24,10.8,96.8,78.5,12,97.17,57.1,
67.2,10.8,96.8,79.2,91,97.17,57.1,
68.16,10.8,96.8,77.7,105,97.16,57.2,
69.12,10.8,96.8,45.2,104,97.16,57.2,
70.08,10.8,96.8,67.4,65,97.15,57.2,
71.04,10.8,96.8,47.2,48,97.19,57.3,
72,10.8,96.8,40.0,47,97.19,57.3,
72.96,10.8,96.8,65.0,46,97.20,57.4,
73.92,10.8,96.8,42.6,47,97.13,57.4,
74.88,10.8,96.8,69.7,92,97.17,57.5,
75.84,10.8,96.8,40.0,114,97.17,57.6,
76.8,10.8,96.8,71.9,113,97.16,57.8,
77.76,10.8,96.8,40.0,104,97.17,58.1,
78.72,10.8,96.8,58.1,102,97.18,58.4,
79.68,10.8,96.8,69.5,102,97.16,58.6,
80.64,10.8,96.8,71.4,103,97.20,58.9,
81.6,10.8,96.8,86.7,75,97.18,59.2,
82.56,10.8,96.8,40.0,84,97.13,59.5,
83.52,10.8,96.8,57.5,115,97.15,59.7,
84.48,10.8,96.8,67.7,120,97.16,59.9,
85.44,10.8,96.8,63.8,119,97.16,60.1,
86.4,10.8,96.8,40.0,132,97.16,60.2,
87.36,10.8,96.8,69.8,135,97.18,60.4,
88.32,10.8,96.8,46.7,136,97.18,60.5,
89.28,10.8,96.8,62.6,136,97.17,60.7,
90.24,10.8,96.8,65.4,136,97.16,60.8,
91.2,10.8,96.8,45.4,135,97.17,60.9,
92.16,10.8,96.8,40.0,128,97.18,61.0,
93.12,10.8,96.8,40.0,113,97.16,61.0,
94.08,10.8,96.8,66.4,107,97.20,61.1,
95.04,10.8,96.8,40.0,107,97.17,61.2,
96,10.8,96.8,40.0,105,97.18,61.3,
96.96,10.8,96.8,72.2,109,97.19,61.3,
97.92,10.8,96.8,41.9,107,97.22,61.4,
98.88,10.8,96.8,53.0,112,97.18,61.4,
99.84,10.8,96.8,72.0,121,97.18,61.5,
100.8,10.8,96.8,72.2,115,97.14,61.6,
101.76,10.8,96.8,62.7,95,97.18,61.6,
102.72,10.8,96.8,42.8,77,97.17,61.6,
103.68,10.8,96.8,40.0,85,97.15,61.6,
104.64,10.8,96.8,40.0,88,97.15,61.6,
105.6,10.9,96.8,45.2,89,97.16,61.6,
106.56,10.9,96.8,72.2,90,97.18,61.6,
107.52,10.9,96.8,40.0,101,97.15,61.5,
108.48,10.9,96.8,40.0,105,97.16,61.5,
109.44,10.9,96.8,40.0,109,97.15,61.5,
110.4,10.9,96.8,40.0,110,97.14,61.5,
111.36,11.0,96.8,40.0,108,97.17,61.4,
112.32,11.0,96.8,73.6,105,97.17,61.4,
113.28,11.2,96.8,68.2,108,97.12,61.4,
114.24,11.9,96.8,40.0,105,97.18,61.4,
115.2,13.3,96.8,40.0,96,97.17,61.4,
116.16,14.7,96.8,66.5,102,97.18,61.4,
117.12,16.2,96.8,76.6,96,97.16,61.4,
118.08,17.7,96.8,58.1,76,97.17,61.4,
119.04,19.0,96.8,40.0,74,97.17,61.4,
120,20.2,96.8,56.5,80,97.15,61.4,
120.96,21.4,96.8,40.0,78,97.19,61.4,
121.92,22.4,96.8,68.6,72,97.18,61.4,
122.88,23.4,96.8,69.6,82,97.14,61.4,
123.84,24.2,96.8,40.0,95,97.18,61.4,
124.8,25.0,96.8,46.6,97,97.18,61.4,
125.76,25.8,96.8,40.0,88,97.18,61.4,
126.72,26.4,96.8,44.8,90,97.18,61.4,
127.68,27.0,96.8,70.3,99,97.17,61.4,
128.64,27.5,96.8,55.3,116,97.16,61.3,
129.6,28.0,96.8,40.0,121,97.13,61.3,
130.56,28.4,96.8,73.4,120,97.15,61.3,
131.52,28.8,96.8,70.9,123,97.19,61.3,
132.48,29.2,96.8,40.0,124,97.19,61.3,
133.44,29.5,96.8,63.1,123,97.19,61.2,
134.4,29.8,96.7,65.3,123,97.18,61.2,
135.36,30.1,96.7,61.0,123,97.15,61.1,
136.32,30.3,96.7,41.7,123,97.17,61.1,
137.28,30.5,96.7,63.4,123,97.20,61.0,
138.24,30.7,96.7,44.2,124,97.17,61.0,
139.2,30.9,96.7,49.5,123,97.16,61.0,
140.16,31.1,96.7,74.2,121,97.17,60.9,
141.12,31.3,96.7,59.6,120,97.16,60.9,
142.08,31.4,96.7,58.1,123,97.16,60.9,
143.04,31.6,96.7,76.2,124,97.17,60.8,
144,31.7,96.7,40.0,126,97.18,60.8,
144.96,31.8,96.7,83.3,125,97.17,60.8,
145.92,31.9,96.7,52.2,125,97.18,60.7,
146.88,32.0,96.7,64.6,124,97.17,60.7,
147.84,32.1,96.7,66.1,123,97.18,60.7,
148.8,32.2,96.7,40.0,126,97.19,60.7,
149.76,32.3,96.7,58.1,117,97.18,60.7,
150.72,32.4,96.7,77.7,111,97.17,60.7,
151.68,32.4,96.7,72.2,104,97.15,60.7,
152.64,32.5,96.7,65.4,107,97.17,60.7,
153.6,32.6,96.7,40.0,109,97.14,60.6,
154.56,32.7,96.7,71.0,104,97.20,60.6,
155.52,32.7,96.7,63.4,100,97.15,60.6,
156.48,32.8,96.7,40.0,103,97.15,60.6,
157.44,32.8,96.7,76.8,108,97.18,60.6,
158.4,32.9,96.7,72.5,110,97.17,60.6,
159.36,32.9,96.8,61.1,92,97.17,60.6,
160.32,33.0,96.8,66.1,84,97.20,60.6,
161.28,33.0,96.8,41.7,103,97.18,60.6,
162.24,33.1,96.8,40.0,106,97.18,60.5,
163.2,33.1,96.8,76.5,104,97.19,60.5,
164.16,33.1,96.8,53.6,107,97.19,60.5,
165.12,33.1,97.0,65.2,107,97.16,60.5,
166.08,33.2,97.0,59.3,104,97.14,60.5,
167.04,33.2,97.0,77.3,106,97.13,60.5,
168,33.3,97.0,63.9,105,97.17,60.4,
168.96,33.3,97.2,40.0,108,97.17,60.4,
169.92,33.3,97.0,76.3,109,97.16,60.4,
170.88,33.3,97.0,74.5,108,97.18,60.4,
171.84,33.4,97.2,45.0,107,97.13,60.3,
172.8,33.4,97.4,69.8,110,97.17,60.3,
173.76,33.4,97.4,78.7,108,97.17,60.3,
174.72,33.4,97.6,63.3,99,97.16,60.2,
175.68,33.5,97.6,59.5,98,97.16,60.2,
176.64,33.5,97.6,47.3,98,97.19,60.2,
177.6,33.5,97.6,64.3,97,97.17,60.1,
178.56,33.5,97.6,82.2,81,97.15,60.1,
179.52,33.6,97.6,40.0,80,97.16,60.0,
180.48,33.6,97.6,68.1,92,97.18,60.0,
181.44,33.6,97.8,56.2,86,97.14,60.0,
182.4,33.6,97.6,40.0,101,97.18,59.9,
183.36,33.6,97.8,74.6,102,97.18,59.9,
184.32,33.7,97.8,86.8,60,97.14,59.9,
185.28,33.7,97.8,81.5,51,97.17,59.8,
186.24,33.7,97.8,59.4,51,97.16,59.8,
187.2,33.7,97.8,65.6,54,97.18,59.8,
188.16,33.8,97.8,75.1,71,97.13,59.7,
189.12,33.8,97.8,41.0,96,97.15,59.7,
190.08,33.8,97.8,51.0,101,97.17,59.6,
191.04,33.8,97.8,62.0,108,97.15,59.6,
192,33.8,97.8,59.5,108,97.19,59.6,
192.96,33.8,98.0,40.0,99,97.14,59.6,
193.92,33.9,98.0,40.0,96,97.17,59.5,
194.88,33.9,98.0,40.0,99,97.14,59.5,
195.84,33.9,98.0,54.7,99,97.16,59.5,
196.8,33.9,98.0,40.0,99,97.19,59.4,
197.76,33.9,98.0,56.8,99,97.18,59.4,
198.72,34.0,98.0,55.5,99,97.16,59.4,
199.68,34.0,98.0,40.0,100,97.13,59.4,
200.64,34.0,98.0,73.5,92,97.15,59.4,
201.6,34.0,98.0,71.5,70,97.18,59.3,
202.56,34.0,98.2,66.7,59,97.15,59.3,
203.52,34.0,98.2,57.1,86,97.15,59.3,
204.48,34.0,98.2,54.3,98,97.15,59.3,
205.44,34.0,98.0,47.7,116,97.19,59.3,
206.4,34.1,98.2,46.3,120,97.13,59.2,
207.36,34.1,98.2,72.2,120,97.17,59.2,
208.32,34.1,98.2,69.7,120,97.17,59.2,
209.28,34.1,98.2,51.2,119,97.18,59.2,
210.24,34.1,98.2,61.4,118,97.18,59.2,
211.2,34.1,98.4,40.0,117,97.18,59.1,
212.16,34.1,98.4,61.2,118,97.14,59.1,
213.12,34.1,98.4,55.3,101,97.14,59.1,
214.08,34.2,98.4,68.4,90,97.17,59.1,
215.04,34.2,98.4,53.1,105,97.17,59.1,
216,34.2,98.4,60.6,113,97.16,59.0,
216.96,34.2,98.4,46.9,119,97.18,59.0,
217.92,34.2,98.4,47.5,120,97.15,59.0,
218.88,34.2,98.4,40.0,120,97.18,59.0,
219.84,34.2,98.4,66.8,121,97.19,59.0,
220.8,34.2,98.6,71.8,121,97.18,58.9,
221.76,34.2,98.6,58.2,120,97.17,58.9,
222.72,34.2,98.6,69.4,120,97.14,58.9,
223.68,34.2,98.6,70.5,120,97.18,58.9,
224.64,34.2,98.6,70.3,120,97.17,58.9,
225.6,34.2,98.6,53.9,121,97.17,58.9,
226.56,34.2,98.6,40.0,121,97.15,58.9,
227.52,34.2,98.6,70.7,121,97.17,58.9,
228.48,34.3,98.6,62.2,121,97.15,58.9,
229.44,34.3,98.6,69.3,121,97.16,58.8,
230.4,34.3,98.8,62.8,121,97.13,58.8,
231.36,34.3,98.8,62.6,123,97.14,58.8,
232.32,34.3,98.8,45.2,121,97.19,58.8,
233.28,34.3,98.8,65.4,117,97.18,58.8,
234.24,34.3,98.8,68.8,128,97.18,58.8,
235.2,34.3,98.8,48.7,133,97.18,58.7,
236.16,34.3,98.8,69.8,137,97.17,58.7,
237.12,34.4,98.8,74.1,142,97.15,58.7,
238.08,34.4,98.8,67.3,147,97.15,58.7,
239.04,34.4,98.8,51.9,147,97.17,58.7,
240,34.4,98.8,42.0,147,97.19,58.7,
240.96,34.4,99.0,68.9,148,97.17,58.6,
241.92,34.4,99.0,70.0,148,97.14,58.6,
242.88,34.4,99.0,70.7,148,97.15,58.6,
243.84,34.4,99.0,43.7,148,97.17,58.6,
244.8,34.4,99.0,63.0,143,97.15,58.6,
245.76,34.4,99.0,49.1,143,97.17,58.6,
246.72,34.4,99.0,71.0,150,97.15,58.6,
247.68,34.4,99.2,74.0,151,97.15,58.6,
248.64,34.4,99.2,71.2,151,97.19,58.6,
249.6,34.4,99.2,40.0,151,97.17,58.6,
250.56,34.4,99.2,53.0,151,97.18,58.5,
251.52,34.4,99.2,69.3,150,97.18,58.5,
252.48,34.4,99.2,40.0,150,97.18,58.5,
253.44,34.4,99.2,68.9,149,97.18,58.5,
254.4,34.3,99.2,67.7,144,97.16,58.5,
255.36,34.3,99.2,73.8,144,97.17,58.5,
256.32,34.4,99.3,68.3,145,97.17,58.5,
257.28,34.4,99.3,60.6,145,97.15,58.5,
258.24,34.4,99.3,60.5,145,97.14,58.5,
259.2,34.4,99.3,40.0,145,97.16,58.4,
260.16,34.5,99.3,54.2,145,97.18,58.4,
261.12,34.5,99.3,40.0,145,97.16,58.4,
262.08,34.5,99.3,40.0,146,97.17,58.4,
263.04,34.6,99.3,40.0,146,97.18,58.4,
264,34.6,99.5,78.6,145,97.17,58.4,
264.96,34.6,99.5,71.2,145,97.19,58.4,
265.92,34.7,99.5,65.7,145,97.17,58.4,
266.88,34.7,99.5,40.0,145,97.21,58.4,
267.84,34.7,99.5,66.4,145,97.18,58.4,
268.8,34.7,99.5,75.4,148,97.16,58.3,
269.76,34.7,99.5,40.7,148,97.16,58.3,
270.72,34.7,99.5,45.1,148,97.18,58.3,
271.68,34.7,99.5,40.0,151,97.18,58.3,
272.64,34.8,99.5,66.6,154,97.16,58.3,
273.6,34.8,99.5,40.5,155,97.18,58.3,
274.56,34.8,99.7,40.0,155,97.19,58.3,
275.52,34.8,99.7,63.3,155,97.20,58.3,
276.48,34.8,99.7,40.0,155,97.16,58.3,
277.44,34.8,99.7,62.5,155,97.17,58.2,
278.4,34.8,99.7,52.9,155,97.17,58.2,
279.36,34.8,99.7,69.5,150,97.15,58.2,
280.32,34.8,99.7,73.2,150,97.18,58.2,
281.28,34.8,99.7,46.4,150,97.17,58.2,
282.24,34.8,99.7,64.4,151,97.18,58.2,
283.2,34.9,99.7,71.2,152,97.17,58.2,
284.16,34.9,99.7,50.1,152,97.19,58.2,
285.12,34.9,99.9,63.6,153,97.18,58.2,
286.08,34.9,99.9,61.5,154,97.18,58.2,
287.04,34.9,99.9,40.0,154,97.15,58.2,
288,34.9,99.9,66.3,154,97.16,58.1,
288.96,34.9,99.9,44.1,153,97.16,58.1,
289.92,34.9,99.9,67.1,154,97.15,58.1,
290.88,34.9,99.9,75.7,154,97.14,58.1,
291.84,34.9,99.9,61.6,154,97.15,58.1,
292.8,34.9,99.9,40.0,154,97.17,58.1,
293.76,34.9,99.9,51.5,154,97.17,58.1,
294.72,34.9,100.1,62.9,153,97.13,58.1,
295.68,34.9,100.1,40.0,153,97.19,58.1,
296.64,34.9,100.1,40.0,153,97.17,58.1,
297.6,34.9,100.1,63.1,153,97.19,58.1,
298.56,34.9,100.1,40.0,153,97.18,58.0,
299.52,34.9,100.1,49.3,153,97.18,58.0,
300.48,34.9,100.1,49.7,155,97.17,58.0,
301.44,34.9,100.1,40.0,156,97.20,58.0,
302.4,34.9,100.1,67.7,156,97.17,58.0,
303.36,34.9,100.3,63.8,155,97.18,58.0,
304.32,34.9,100.3,57.8,155,97.16,58.0,
305.28,34.9,100.3,57.0,155,97.16,58.0,
306.24,34.9,100.3,69.5,155,97.18,58.0,
307.2,34.9,100.3,58.9,155,97.16,58.0,
308.16,34.9,100.3,65.3,155,97.17,58.0,
309.12,34.9,100.3,40.0,155,97.15,58.0,
310.08,34.9,100.3,64.2,155,97.16,58.0,
311.04,34.9,100.3,66.4,155,97.15,58.0,
312,34.9,100.3,69.7,155,97.16,57.9,
312.96,34.9,100.5,53.9,155,97.16,57.9,
313.92,34.9,100.5,65.8,155,97.16,57.9,
314.88,34.9,100.5,70.9,155,97.14,57.9,
315.84,35.0,100.5,61.8,155,97.15,57.9,
316.8,35.0,100.5,40.0,155,97.11,57.9,
317.76,35.0,100.5,73.3,155,97.16,57.9,
318.72,35.0,100.5,40.0,153,97.16,57.9,
319.68,35.0,100.5,73.9,145,97.17,57.9,
320.64,35.0,100.5,51.0,132,97.20,57.9,
321.6,35.0,100.5,46.5,111,97.18,57.9,
322.56,35.0,100.5,68.8,86,97.17,57.9,
323.52,35.0,100.5,42.7,100,97.17,57.9,
324.48,35.0,100.5,72.3,113,97.20,57.9,
325.44,35.0,100.7,67.3,137,97.16,57.8,
326.4,35.0,100.7,67.0,149,97.17,57.8,
327.36,35.0,100.7,40.0,152,97.16,57.8,
328.32,35.0,100.7,53.4,153,97.16,57.8,
329.28,35.0,100.7,40.0,154,97.18,57.8,
330.24,35.0,100.7,60.4,155,97.17,57.8,
331.2,35.0,100.7,53.5,155,97.18,57.8,
332.16,35.0,100.7,40.0,155,97.18,57.8,
333.12,35.0,100.7,40.0,155,97.16,57.8,
334.08,35.0,100.9,60.5,155,97.18,57.8,
335.04,35.0,100.7,68.0,155,97.16,57.8,
336,35.0,100.9,40.0,155,97.15,57.8,
336.96,35.0,100.9,40.0,155,97.17,57.8,
337.92,35.0,100.9,65.3,155,97.15,57.8,
338.88,35.0,100.9,65.0,155,97.15,57.8,
339.84,35.0,100.9,74.3,155,97.17,57.8,
340.8,35.0,100.9,68.0,155,97.16,57.8,
341.76,35.1,100.9,65.2,155,97.15,57.8,
342.72,35.1,100.9,76.1,155,97.15,57.8,
343.68,35.1,100.9,62.2,155,97.16,57.8,
344.64,35.1,100.9,62.7,155,97.16,57.8,
345.6,35.1,100.9,65.2,155,97.16,57.8,
346.56,35.1,101.1,55.9,155,97.14,57.8,
347.52,35.1,101.1,40.0,155,97.18,57.7,
348.48,35.1,101.1,66.2,155,97.18,57.7,
349.44,35.1,101.1,40.0,155,97.15,57.7,
350.4,35.1,101.1,40.0,155,97.14,57.7,
351.36,35.1,101.1,67.4,155,97.14,57.7,
352.32,35.1,101.1,55.2,155,97.19,57.7,
353.28,35.1,101.1,65.7,155,97.17,57.7,
354.24,35.1,101.1,66.5,155,97.19,57.7,
355.2,35.1,101.1,54.2,155,97.16,57.7,
356.16,35.1,101.1,46.6,155,97.18,57.7,
357.12,35.1,101.3,66.8,155,97.14,57.7,
358.08,35.1,101.3,68.4,155,97.17,57.7,
359.04,35.1,101.3,49.6,155,97.18,57.7,
360,35.1,101.3,63.0,155,97.20,57.7,
360.96,35.1,101.3,53.9,154,97.18,57.7,
361.92,35.1,101.3,58.2,154,97.17,57.7,
362.88,35.1,101.3,40.0,153,97.16,57.7,
363.84,35.1,101.3,69.6,151,97.15,57.6,
364.8,35.1,101.3,40.9,152,97.19,57.6,
365.76,35.1,101.3,40.0,152,97.14,57.6,
366.72,35.2,101.3,40.0,152,97.16,57.6,
367.68,35.2,101.5,76.5,145,97.16,57.6,
368.64,35.2,101.5,65.0,132,97.17,57.6,
369.6,35.2,101.5,40.0,105,97.14,57.6,
370.56,35.2,101.5,74.1,88,97.15,57.6,
371.52,35.2,101.5,40.0,96,97.16,57.6,
372.48,35.2,101.5,49.0,107,97.15,57.6,
373.44,35.2,101.5,59.6,121,97.16,57.6,
374.4,35.2,101.5,66.8,146,97.18,57.6,
375.36,35.2,101.5,48.7,152,97.16,57.6,
376.32,35.2,101.5,77.0,153,97.16,57.6,
377.28,35.2,101.6,74.4,153,97.15,57.6,
378.24,35.2,101.6,43.4,153,97.18,57.6,
379.2,35.2,101.6,63.5,153,97.18,57.6,
380.16,35.2,101.6,66.4,153,97.16,57.6,
381.12,35.2,101.6,40.0,153,97.18,57.6,
382.08,35.2,101.6,76.9,153,97.18,57.6,
383.04,35.2,101.6,63.5,153,97.17,57.6,
384,35.2,101.6,40.0,153,97.16,57.6,
384.96,35.2,101.6,49.5,153,97.15,57.6,
385.92,35.2,101.6,65.0,154,97.16,57.6,
386.88,35.3,101.6,53.4,154,97.21,57.6,
387.84,35.3,101.6,40.0,154,97.16,57.6,
388.8,35.3,101.6,73.9,153,97.11,57.6,
389.76,35.3,101.6,80.5,152,97.15,57.6,
390.72,35.3,101.8,61.8,152,97.17,57.6,
391.68,35.3,101.8,40.0,152,97.16,57.5,
392.64,35.3,101.8,68.6,152,97.19,57.5,
393.6,35.3,101.8,53.0,152,97.16,57.5,
394.56,35.3,101.8,40.0,151,97.18,57.5,
395.52,35.3,101.8,70.6,151,97.16,57.5,
396.48,35.3,101.8,65.7,151,97.14,57.5,
397.44,35.3,101.8,40.1,152,97.17,57.5,
398.4,35.3,101.8,67.8,152,97.12,57.5,
399.36,35.3,101.8,65.1,152,97.19,57.5,
400.32,35.3,101.8,40.0,153,97.15,57.5,
401.28,35.3,101.8,68.3,153,97.15,57.5,
402.24,35.3,101.8,65.4,152,97.15,57.5,
403.2,35.3,101.8,40.0,152,97.17,57.5,
404.16,35.3,101.8,65.2,152,97.16,57.5,
405.12,35.3,102.0,53.5,152,97.15,57.5,
406.08,35.3,102.0,40.0,152,97.18,57.5,
407.04,35.3,102.0,64.9,152,97.13,57.5,
408,35.3,102.0,40.0,152,97.17,57.5,
408.96,35.3,102.0,40.0,152,97.18,57.5,
409.92,35.3,102.0,40.0,151,97.16,57.5,
410.88,35.3,102.0,69.3,152,97.13,57.5,
411.84,35.3,102.0,71.9,152,97.17,57.5,
412.8,35.3,102.0,65.1,152,97.15,57.5,
413.76,35.3,102.0,70.0,152,97.19,57.5,
414.72,35.3,102.0,51.1,152,97.15,57.5,
415.68,35.3,102.0,40.0,152,97.15,57.5,
416.64,35.3,102.0,54.0,152,97.16,57.5,
417.6,35.3,102.0,60.9,152,97.16,57.5,
418.56,35.3,102.0,78.1,152,97.14,57.5,
419.52,35.3,102.2,43.5,152,97.16,57.5,
420.48,35.3,102.2,40.2,152,97.16,57.5,
421.44,35.3,102.2,56.8,153,97.16,57.4,
422.4,35.3,102.2,57.0,153,97.18,57.4,
423.36,35.3,102.2,40.0,153,97.16,57.4,
424.32,35.3,102.2,57.8,153,97.15,57.4,
425.28,35.3,102.2,63.9,153,97.15,57.4,
426.24,35.3,102.2,62.8,152,97.14,57.4,
427.2,35.3,102.2,56.0,153,97.16,57.4,
428.16,35.3,102.2,40.0,153,97.14,57.4,
429.12,35.3,102.2,40.1,153,97.19,57.4,
430.08,35.3,102.2,71.3,153,97.16,57.4,
431.04,35.3,102.2,65.1,153,97.15,57.4,
432,35.3,102.2,60.5,149,97.16,57.4,
432.96,35.3,102.2,71.7,131,97.17,57.4,
433.92,35.3,102.2,66.7,111,97.17,57.4,
434.88,35.3,102.2,78.3,103,97.14,57.4,
435.84,35.3,102.2,40.0,78,97.17,57.4,
436.8,35.3,102.2,68.7,77,97.15,57.4,
437.76,35.3,102.2,68.7,80,97.17,57.4,
438.72,35.3,102.4,61.5,78,97.17,57.4,
439.68,35.3,102.4,40.0,76,97.13,57.4,
440.64,35.3,102.4,64.8,76,97.16,57.4,
441.6,35.3,102.4,72.8,80,97.13,57.4,
442.56,35.3,102.4,58.6,79,97.16,57.4,
443.52,35.3,102.4,69.7,77,97.14,57.4,
444.48,35.3,102.4,73.8,74,97.15,57.4,
445.44,35.3,102.4,60.9,73,97.17,57.4,
446.4,35.3,102.4,77.0,72,97.14,57.4,
447.36,35.3,102.4,70.7,77,97.17,57.4,
448.32,35.3,102.4,77.5,78,97.15,57.4,
449.28,35.3,102.4,71.1,80,97.17,57.4,
450.24,35.3,102.4,50.9,83,97.15,57.4,
451.2,35.3,102.4,62.2,83,97.18,57.4,
452.16,35.3,102.4,69.0,81,97.14,57.4,
453.12,35.3,102.4,74.2,80,97.13,57.4,
454.08,35.3,102.4,73.2,80,97.12,57.4,
455.04,35.3,102.4,73.3,83,97.14,57.4,
456,35.3,102.6,54.1,80,97.16,57.4,
456.96,35.3,102.6,40.0,76,97.13,57.4,
457.92,35.3,102.6,44.0,75,97.19,57.4,
458.88,35.3,102.6,55.3,75,97.13,57.4,
459.84,35.3,102.6,54.9,76,97.15,57.4,
460.8,35.3,102.6,40.0,78,97.15,57.4,
461.76,35.3,102.6,40.0,79,97.17,57.3,
462.72,35.3,102.6,40.0,79,97.16,57.3,
463.68,35.3,102.6,40.0,78,97.16,57.3,
464.64,35.3,102.6,40.0,76,97.18,57.3,
465.6,35.3,102.6,66.0,76,97.18,57.3,
466.56,35.3,102.6,40.0,76,97.16,57.3,
467.52,35.3,102.6,41.8,76,97.18,57.3,
468.48,35.3,102.6,74.8,77,97.15,57.3,
469.44,35.3,102.6,78.5,77,97.12,57.3,
470.4,35.3,102.6,43.1,76,97.16,57.3,
471.36,35.3,102.6,57.2,76,97.16,57.3,
472.32,35.3,102.6,40.0,77,97.16,57.3,
473.28,35.3,102.6,40.0,78,97.13,57.3,
474.24,35.3,102.6,60.8,78,97.16,57.3,
475.2,35.3,102.6,40.0,78,97.15,57.3,
476.16,35.3,102.6,72.4,78,97.16,57.3,
477.12,35.4,102.8,66.7,82,97.12,57.3,
478.08,35.3,102.6,53.1,77,97.14,57.3,
479.04,35.4,102.8,45.1,74,97.14,57.3,
480,35.3,102.6,50.0,74,97.17,57.3,
480.96,35.4,102.8,54.4,75,97.17,57.3,
481.92,35.4,102.8,40.0,74,97.15,57.3,
482.88,35.4,102.8,40.0,74,97.14,57.3,
483.84,35.4,102.8,50.3,74,97.15,57.3,
484.8,35.4,102.8,49.5,75,97.18,57.3,
485.76,35.4,102.8,40.0,75,97.16,57.3,
486.72,35.4,102.8,40.0,76,97.16,57.3,
487.68,35.4,102.8,40.0,77,97.15,57.3,
488.64,35.4,102.8,43.1,78,97.17,57.3,
489.6,35.4,102.8,40.0,79,97.14,57.3,
490.56,35.4,102.8,40.0,78,97.15,57.3,
491.52,35.4,102.8,40.0,76,97.15,57.3,
492.48,35.4,102.8,40.0,77,97.16,57.3,
493.44,35.4,102.8,40.0,76,97.14,57.3,
494.4,35.4,102.8,40.0,76,97.10,57.3,
495.36,35.4,102.8,40.0,76,97.17,57.3,
496.32,35.4,102.8,40.0,76,97.17,57.3,
497.28,35.4,102.8,40.0,77,97.14,57.3,
498.24,35.4,102.8,40.0,79,97.16,57.3,
499.2,35.4,102.8,40.0,80,97.15,57.3,
500.16,35.4,103.0,40.0,79,97.17,57.3,
501.12,35.4,102.8,40.0,76,97.15,57.3,
502.08,35.4,103.0,40.0,76,97.15,57.3,
503.04,35.4,103.0,62.5,76,97.13,57.3,
504,35.4,103.0,61.7,75,97.16,57.3,
504.96,35.4,103.0,40.0,75,97.16,57.3,
505.92,35.4,103.0,40.0,89,97.16,57.2,
506.88,35.4,103.0,40.0,93,97.15,57.2,
507.84,35.4,103.0,48.6,83,97.17,57.2,
508.8,35.4,103.0,51.0,80,97.16,57.2,
509.76,35.4,103.0,69.4,80,97.16,57.2,
510.72,35.4,103.0,55.7,81,97.15,57.2,
511.68,35.4,103.0,55.0,79,97.15,57.3,
512.64,35.4,103.0,45.5,78,97.14,57.2,
513.6,35.4,103.0,40.0,77,97.18,57.2,
514.56,35.4,103.0,64.8,78,97.16,57.2,
515.52,35.4,103.0,62.8,78,97.16,57.2,
516.48,35.4,103.0,40.0,78,97.17,57.2,
517.44,35.5,103.0,62.1,79,97.15,57.2,
518.4,35.4,103.0,61.5,80,97.14,57.2,
519.36,35.4,103.0,43.6,81,97.14,57.2,
520.32,35.5,103.0,40.0,80,97.15,57.2,
521.28,35.4,103.0,63.4,78,97.15,57.2,
522.24,35.5,103.0,40.0,78,97.14,57.2,
523.2,35.4,103.0,40.0,77,97.15,57.2,
524.16,35.5,103.0,40.0,77,97.14,57.2,
525.12,35.4,103.0,40.0,76,97.17,57.2,
526.08,35.5,103.0,50.4,92,97.17,57.2,
527.04,35.5,103.0,40.0,107,97.14,57.2,
528,35.5,96.5,54.9,129,97.16,57.2,
528.96,35.5,96.3,66.2,134,97.17,57.2,
529.92,35.5,96.3,40.0,136,97.15,57.2,
530.88,35.5,96.3,49.2,137,97.15,57.2,
531.84,35.5,96.3,40.0,137,97.17,57.2,
532.8,35.5,96.3,40.0,137,97.15,57.2,
533.76,35.5,96.3,40.0,136,97.16,57.2,
534.72,35.5,96.1,40.0,124,97.17,57.2,
535.68,35.5,96.3,40.0,107,97.16,57.2,
536.64,35.5,96.3,77.8,104,97.15,57.2,
537.6,35.5,96.3,40.0,111,97.17,57.2,
538.56,35.5,96.3,68.1,110,97.16,57.2,
539.52,35.5,96.3,70.7,122,97.14,57.2,
540.48,35.3,96.3,74.6,123,97.16,57.2,
541.44,35.1,96.3,55.9,123,97.16,57.2,
542.4,34.7,96.3,40.0,126,97.15,57.2,
543.36,34.3,96.3,58.3,127,97.17,57.2,
544.32,33.8,96.3,74.8,127,97.16,57.2,
545.28,33.3,96.1,73.1,132,97.16,57.2,
546.24,32.9,96.3,55.8,121,97.15,57.2,
547.2,32.4,96.3,49.8,138,97.17,57.2,
548.16,31.8,96.3,73.5,133,97.15,57.2,
549.12,31.3,96.1,61.7,139,97.14,57.2,
550.08,30.8,96.3,40.0,139,97.16,57.2,
551.04,30.3,96.1,68.9,137,97.15,57.2,
552,29.9,96.1,58.1,136,97.16,57.2,
552.96,29.5,96.1,64.2,137,97.17,57.2,
553.92,29.0,96.1,64.5,137,97.14,57.2,
554.88,28.6,96.3,40.0,137,97.14,57.2,
555.84,28.3,96.1,51.7,140,97.14,57.2,
556.8,27.9,96.1,69.6,140,97.14,57.2,
557.76,27.5,96.3,52.8,143,97.16,57.2,
558.72,27.1,96.1,65.0,139,97.13,57.1,
559.68,26.8,96.1,61.2,133,97.15,57.2,
560.64,26.4,96.1,40.0,132,97.15,57.1,
561.6,26.0,96.1,40.0,115,97.16,57.1,
562.56,25.6,96.1,44.3,123,97.18,57.1,
563.52,25.2,96.1,40.0,140,97.16,57.1,
564.48,24.8,96.3,67.5,142,97.13,57.1,
565.44,24.4,96.1,42.9,146,97.15,57.1,
566.4,24.0,96.1,43.0,131,97.15,57.1,
567.36,23.6,96.1,40.0,113,97.16,57.1,
568.32,23.2,96.1,40.0,110,97.14,57.1,
569.28,22.8,96.1,40.0,109,97.16,57.1,
570.24,22.4,96.3,40.0,109,97.15,57.1,
571.2,22.1,96.1,40.0,109,97.17,57.1,
572.16,21.8,96.1,40.0,108,97.13,57.1,
573.12,21.5,96.1,40.0,110,97.18,57.1,
574.08,21.2,96.1,40.0,131,97.19,57.1,
575.04,20.9,96.1,44.6,55,97.14,57.1,
576,20.7,96.1,55.7,10,97.14,57.1,
576.96,20.4,96.1,40.6,4,97.17,57.1,
577.92,20.2,96.1,40.0,4,97.14,57.1,
578.88,20.0,96.1,40.0,4,97.12,57.1,
579.84,19.8,96.1,40.0,4,97.16,57.1,
580.8,19.6,96.1,40.0,4,97.16,57.1,
581.76,19.4,96.1,40.0,4,97.14,57.1,
582.72,19.3,96.1,40.0,4,97.11,57.2,
583.68,19.1,96.1,40.0,4,97.16,57.2,
584.64,18.9,96.3,40.0,4,97.15,57.2,
585.6,18.7,96.1,40.0,4,97.16,57.2,
586.56,18.6,96.1,40.0,4,97.16,57.2,
587.52,18.4,96.1,40.0,4,97.13,57.3,
588.48,18.3,96.3,40.0,4,97.14,57.3,
589.44,18.1,96.3,65.3,4,97.16,57.3,
590.4,18.0,96.1,63.4,4,97.15,57.3,
591.36,17.9,96.3,50.6,4,97.13,57.3,
592.32,17.7,96.3,41.3,4,97.14,57.3,
593.28,17.6,96.1,40.0,85,97.16,57.3,
594.24,17.4,96.3,40.0,129,97.16,57.3,
595.2,17.3,96.1,69.8,113,97.14,57.3,
596.16,17.2,96.3,69.0,109,97.14,57.3,
597.12,17.0,96.1,40.1,104,97.16,57.3,
598.08,16.9,96.3,65.6,131,97.16,57.4,
599.04,16.8,96.3,40.0,104,97.16,57.4,
600,16.7,96.3,40.0,51,97.15,57.4,
600.96,16.6,96.3,72.9,44,97.18,57.4,
601.92,16.5,96.3,53.7,43,97.17,57.4,
602.88,16.3,96.3,72.0,43,97.15,57.4,
603.84,16.2,96.3,40.0,43,97.13,57.4,
604.8,16.1,96.3,49.2,43,97.12,57.4,
605.76,16.0,96.3,40.0,28,97.13,57.4,
606.72,15.9,96.3,40.0,13,97.12,57.4,
607.68,15.8,96.3,58.6,11,97.13,57.4,
608.64,15.7,96.1,40.0,10,97.15,57.4,
609.6,15.6,96.3,65.1,29,97.15,57.4,
610.56,15.5,96.3,72.6,38,97.16,57.4,
611.52,15.4,96.3,42.3,28,97.18,57.4,
612.48,15.3,96.3,40.0,4,97.15,57.4,
613.44,15.2,96.3,54.3,1,97.16,57.4,
614.4,15.1,96.3,41.2,1,97.16,57.4,
615.36,15.0,96.3,70.7,1,97.13,57.4,
616.32,15.0,96.3,59.1,0,97.15,57.4,
617.28,14.9,96.3,40.0,0,97.15,57.4,
618.24,14.8,96.3,40.0,0,97.13,57.4,
619.2,14.7,96.3,40.0,1,97.15,57.4,
620.16,14.6,96.3,40.0,1,97.15,57.4,
621.12,14.6,96.3,40.1,0,97.15,57.4,
622.08,14.5,96.3,40.0,1,97.17,57.4,
623.04,14.5,96.3,43.6,1,97.14,57.4,
624,14.4,96.3,66.4,1,97.17,57.4,
624.96,14.3,96.3,71.1,0,97.14,57.4,
625.92,14.2,96.3,71.2,1,97.16,57.4,
626.88,14.2,96.3,65.9,0,97.13,57.4,
627.84,14.1,96.3,76.0,0,97.12,57.4,
628.8,14.1,96.3,52.3,1,97.16,57.4,
629.76,14.0,96.3,40.0,1,97.14,57.4,
630.72,13.9,96.3,78.1,1,97.15,57.4,
631.68,13.9,96.3,40.0,1,97.16,57.4,
632.64,13.8,96.3,40.0,1,97.16,57.4,
633.6,13.8,96.3,40.0,1,97.14,57.4,
634.56,13.7,96.3,40.0,37,97.17,57.4,
635.52,13.7,96.3,40.0,72,97.17,57.4,
636.48,13.6,96.3,66.2,83,97.15,57.4,
637.44,13.6,96.3,63.1,91,97.16,57.4,
638.4,13.5,96.3,55.0,92,97.15,57.4,
639.36,13.5,96.3,59.6,91,97.17,57.4,
640.32,13.4,96.3,44.1,92,97.14,57.4,
641.28,13.4,96.3,43.0,93,97.12,57.4,
642.24,13.3,96.3,45.7,91,97.14,57.4,
643.2,13.3,96.3,69.3,78,97.17,57.4,
644.16,13.2,96.3,40.0,89,97.13,57.4,
645.12,13.2,96.3,40.0,99,97.15,57.4,
646.08,13.1,96.3,40.0,113,97.15,57.4,
647.04,13.1,96.3,40.0,120,97.14,57.3,
648,13.0,96.3,70.1,122,97.13,57.3,
648.96,13.0,96.3,70.8,120,97.16,57.3,
649.92,12.9,96.3,61.7,109,97.12,57.3,
650.88,12.8,96.3,57.1,87,97.17,57.3,
651.84,12.8,96.3,59.6,83,97.13,57.3,
652.8,12.8,96.3,63.3,72,97.13,57.3,
653.76,12.7,96.3,57.8,77,97.17,57.3,
654.72,12.7,96.3,40.0,95,97.13,57.3,
655.68,12.6,96.3,40.0,117,97.15,57.3,
656.64,12.6,96.3,40.0,123,97.13,57.3,
657.6,12.6,96.3,40.0,123,97.17,57.3,
658.56,12.5,96.3,40.0,123,97.13,57.3,
659.52,12.5,96.3,68.1,123,97.15,57.3,
660.48,12.4,96.3,43.8,124,97.13,57.3,
661.44,12.4,96.3,40.0,128,97.15,57.3,
662.4,12.4,96.3,40.0,120,97.15,57.3,
663.36,12.3,96.3,74.1,104,97.13,57.3,
664.32,12.3,96.3,65.8,89,97.16,57.3,
665.28,12.2,96.3,55.7,88,97.14,57.3,
666.24,12.2,96.3,63.2,101,97.11,57.3,
667.2,12.2,96.3,40.0,121,97.14,57.3,
668.16,12.2,96.3,61.9,124,97.14,57.3,
669.12,12.1,96.3,70.7,123,97.15,57.3,
670.08,12.1,96.3,59.0,123,97.14,57.3,
671.04,12.0,96.3,51.2,123,97.18,57.3,
672,12.0,96.3,66.3,117,97.16,57.2,
672.96,12.0,96.3,68.1,105,97.16,57.2,
673.92,12.0,96.3,58.9,101,97.12,57.2,
674.88,12.0,96.3,44.6,111,97.15,57.2,
675.84,11.9,96.3,66.1,121,97.16,57.2,
676.8,11.9,96.3,43.6,125,97.13,57.2,
677.76,11.9,96.3,40.0,126,97.14,57.2,
678.72,11.9,96.3,56.6,126,97.15,57.2,
679.68,11.8,96.3,46.7,125,97.13,57.2,
680.64,11.8,96.3,69.1,109,97.16,57.2,
681.6,11.8,96.3,74.3,105,97.13,57.2,
682.56,11.8,96.3,58.1,119,97.16,57.2,
683.52,11.8,96.3,40.0,115,97.18,57.2,
684.48,11.8,96.3,62.4,119,97.11,57.2,
685.44,11.7,96.3,67.2,116,97.14,57.2,
686.4,11.7,96.3,80.7,102,97.19,57.2,
687.36,11.7,96.3,57.8,97,97.13,57.2,
688.32,11.7,96.3,40.0,97,97.14,57.2,
689.28,11.6,96.3,72.5,91,97.14,57.2,
690.24,11.6,96.3,40.0,93,97.14,57.2,
691.2,11.6,96.3,75.3,102,97.15,57.1,
692.16,11.6,96.3,40.0,111,97.13,57.1,
693.12,11.6,96.3,40.0,112,97.16,57.1,
694.08,11.6,96.3,40.0,111,97.11,57.1,
695.04,11.6,96.3,52.9,111,97.14,57.1,
696,11.5,96.3,70.8,115,97.16,57.1,
696.96,11.5,96.3,62.1,133,97.12,57.1,
697.92,11.5,96.3,72.4,136,97.16,57.1,
698.88,11.5,96.3,55.1,137,97.14,57.1,
699.84,11.5,96.3,63.3,138,97.15,57.1,
700.8,11.4,96.3,71.0,137,97.14,57.1,
701.76,11.4,96.3,44.6,134,97.15,57.1,
702.72,11.4,96.3,47.3,104,97.10,57.1,
703.68,11.4,96.3,55.6,95,97.12,57.1,
704.64,11.4,96.3,70.3,94,97.11,57.1,
705.6,11.4,96.3,63.3,94,97.14,57.1,
706.56,11.4,96.3,68.1,93,97.14,57.1,
707.52,11.4,96.3,49.2,92,97.13,57.1,
708.48,11.3,96.3,40.0,96,97.13,57.1,
709.44,11.3,96.3,40.0,96,97.18,57.0,
710.4,11.3,96.3,40.0,96,97.12,57.0,
711.36,11.3,96.3,40.0,96,97.14,57.0,
712.32,11.3,96.3,40.0,96,97.14,57.0,
713.28,11.3,96.3,43.7,96,97.13,57.0,
714.24,11.3,96.3,40.0,96,97.17,57.0,
715.2,11.3,96.3,40.0,96,97.18,57.0,
716.16,11.3,96.3,40.0,96,97.14,57.0,
717.12,11.3,96.3,40.0,96,97.12,57.0,
718.08,11.3,96.3,68.4,96,97.16,57.0,
719.04,11.3,96.3,72.0,98,97.18,57.0,
720,11.2,96.3,40.0,97,97.15,57.0,
720.96,11.2,96.3,40.0,97,97.14,57.0,
721.92,11.2,96.3,40.0,100,97.15,57.0,
722.88,11.2,96.3,40.0,96,97.17,57.0,
723.84,11.2,96.3,40.0,96,97.13,57.0,
724.8,11.2,96.3,40.0,96,97.12,57.0,
725.76,11.2,96.3,40.0,93,97.13,57.0,
726.72,11.2,96.3,83.1,80,97.14,57.0,
727.68,11.2,96.3,71.3,71,97.13,57.0,
728.64,11.2,96.3,77.5,70,97.14,57.0,
729.6,11.2,96.3,79.0,58,97.11,57.0,
730.56,11.2,96.3,75.2,54,97.15,57.0,
731.52,11.2,96.3,72.2,54,97.13,57.0,
732.48,11.1,96.3,69.2,53,97.14,57.0,
733.44,11.1,96.3,68.1,55,97.18,57.0,
734.4,11.1,96.3,66.1,56,97.15,57.0,
735.36,11.1,96.3,68.9,58,97.16,57.0,
736.32,11.1,96.3,72.7,58,97.15,57.0,
737.28,11.1,96.3,72.0,58,97.11,57.0,
738.24,11.1,96.3,73.9,56,97.16,57.0,
739.2,11.1,96.3,73.5,58,97.14,57.0,
740.16,11.1,96.3,74.7,56,97.15,57.0,
741.12,11.1,96.3,79.8,53,97.16,57.0,
742.08,11.0,96.3,70.2,51,97.16,57.0,
743.04,11.0,96.3,70.2,51,97.16,57.0,
744,11.0,96.3,40.0,51,97.13,57.0,
744.96,11.0,96.3,40.0,51,97.13,57.0,
745.92,11.0,96.3,66.8,75,97.15,57.0,
746.88,11.0,96.3,62.7,94,97.16,57.0,
747.84,11.0,96.3,66.7,97,97.17,57.0,
748.8,11.0,96.3,67.9,82,97.15,57.0,
749.76,11.0,96.3,62.7,92,97.12,57.0,
750.72,11.0,96.3,53.5,97,97.15,57.0,
751.68,11.0,96.5,71.5,94,97.15,57.0,
752.64,11.0,96.3,40.0,93,97.14,57.0,
753.6,11.0,96.3,69.9,90,97.13,57.0,
754.56,11.0,96.3,64.5,80,97.14,57.0,
755.52,11.0,96.3,61.7,88,97.16,57.0,
756.48,11.0,96.5,40.0,71,97.16,57.0,
757.44,11.0,96.5,73.8,58,97.15,57.0,
758.4,11.0,96.5,68.9,55,97.15,57.0,
759.36,11.0,96.3,68.4,55,97.15,57.0,
760.32,10.9,96.3,68.4,57,97.11,57.0,
761.28,10.9,96.3,62.2,55,97.12,57.0,
762.24,10.9,96.5,60.2,55,97.17,57.0,
763.2,10.9,96.5,58.9,55,97.13,57.0,
764.16,10.9,96.5,61.3,54,97.11,57.0,
765.12,10.9,96.3,57.1,55,97.14,57.0,
766.08,10.9,96.3,57.3,56,97.13,57.0,
767.04,10.9,96.5,55.3,56,97.12,57.0,
768,10.9,96.5,52.8,59,97.14,57.0,
768.96,10.9,96.3,53.9,58,97.13,57.0,
769.92,10.9,96.5,50.4,61,97.13,57.0,
770.88,10.9,96.5,80.2,61,97.14,57.0,
771.84,10.9,96.5,52.4,61,97.15,57.0,
772.8,10.9,96.5,67.2,70,97.15,56.9,
773.76,10.9,96.5,67.9,62,97.14,57.0,
774.72,10.9,96.5,68.9,82,97.14,56.9,
775.68,10.9,96.5,67.8,84,97.14,56.9,
776.64,10.9,96.5,45.3,94,97.16,56.9,
777.6,10.9,96.5,82.2,95,97.14,56.9,
778.56,10.9,96.5,73.9,85,97.14,56.9,
779.52,10.9,96.5,40.0,92,97.14,56.9,
780.48,10.9,96.5,46.2,94,97.13,56.9,
781.44,10.9,96.5,76.0,82,97.13,56.9,
782.4,10.9,96.5,62.7,66,97.17,56.9,
783.36,10.9,96.5,76.4,76,97.14,56.9,
784.32,10.9,96.5,49.3,95,97.14,56.9,
785.28,10.9,96.5,68.1,111,97.16,56.9,
786.24,10.9,96.5,40.0,113,97.14,56.9,
787.2,10.9,96.5,40.0,113,97.13,56.9,
788.16,10.8,96.5,58.7,113,97.12,56.9,
789.12,10.9,96.5,65.9,110,97.14,56.9,
790.08,10.8,96.5,71.5,95,97.13,56.9,
791.04,10.8,96.5,52.2,100,97.12,56.9,
792,10.8,96.5,69.7,100,97.16,56.9,
792.96,10.8,96.5,49.4,83,97.16,56.9,
793.92,10.8,96.5,78.5,77,97.12,56.9,
794.88,10.8,96.5,40.0,98,97.18,56.9,
795.84,10.8,96.5,76.2,100,97.13,56.9,
796.8,10.8,96.5,69.0,99,97.15,56.9,
797.76,10.8,96.5,40.0,101,97.13,56.9,
798.72,10.8,96.5,41.4,101,97.15,56.9,
799.68,10.8,96.5,40.0,101,97.15,56.9,
800.64,10.8,96.5,40.0,101,97.15,56.9,
801.6,10.8,96.5,40.0,101,97.13,56.9,
802.56,10.8,96.5,40.0,101,97.14,56.9,
803.52,10.8,96.5,40.0,101,97.12,56.9,
804.48,10.8,96.5,40.0,101,97.14,56.9,
805.44,10.8,96.5,40.0,101,97.11,56.9,
806.4,10.8,96.5,40.0,101,97.16,56.9,
807.36,10.8,96.5,40.0,101,97.16,56.9,
808.32,10.8,96.5,40.0,101,97.16,56.9,
809.28,10.8,96.5,40.0,101,97.15,56.9,
810.24,10.8,96.5,40.0,101,97.14,56.9,
811.2,10.8,96.5,40.0,99,97.13,56.9,
812.16,10.8,96.5,40.0,94,97.16,56.9,
813.12,10.8,96.5,40.0,91,97.14,56.9,
814.08,10.8,96.5,95.3,72,97.11,56.9,
815.04,10.8,96.5,77.1,58,97.17,56.9,
816,10.8,96.5,76.8,55,97.13,56.9,
816.96,10.8,96.5,74.1,54,97.15,56.9,
817.92,10.8,96.5,73.7,54,97.14,56.9,
818.88,10.8,96.5,73.1,54,97.14,56.9,
819.84,10.8,96.5,75.4,55,97.13,56.8,
820.8,10.8,96.5,73.3,56,97.12,56.8,
821.76,10.7,96.5,71.8,56,97.14,56.8,
822.72,10.7,96.5,71.3,55,97.15,56.8,
823.68,10.7,96.5,71.5,55,97.11,56.8,
824.64,10.7,96.5,72.2,55,97.13,56.8,
825.6,10.7,96.5,72.0,54,97.16,56.8,
826.56,10.7,96.5,70.7,53,97.14,56.8,
827.52,10.7,96.5,40.0,52,97.13,56.8,
828.48,10.7,96.5,40.0,52,97.17,56.8,
829.44,10.7,96.5,40.0,88,97.16,56.8,
830.4,10.7,96.5,48.5,103,97.15,56.8,
831.36,10.7,96.5,71.9,110,97.12,56.8,
832.32,10.7,96.5,62.0,119,97.13,56.8,
833.28,10.7,96.5,63.5,121,97.14,56.8,
834.24,10.7,96.5,69.6,122,97.14,56.8,
835.2,10.7,96.5,69.7,121,97.14,56.8,
836.16,10.7,96.5,43.8,136,97.16,56.8,
837.12,10.7,96.5,40.0,141,97.16,56.8,
838.08,10.7,96.5,71.8,131,97.14,56.8,
839.04,10.7,96.5,69.0,148,97.14,56.8,
840,10.7,96.5,58.5,151,97.15,56.8,
840.96,10.7,96.5,40.0,152,97.12,56.8,
841.92,10.7,96.5,69.9,152,97.17,56.8,
842.88,10.7,96.5,58.9,152,97.13,56.8,
843.84,10.7,96.5,40.0,152,97.14,56.8,
844.8,10.7,96.5,67.1,152,97.13,56.8,
845.76,10.7,96.5,72.4,153,97.16,56.8,
846.72,10.7,96.5,59.7,152,97.12,56.8,
847.68,10.7,96.5,40.0,152,97.18,56.8,
848.64,10.7,96.5,59.7,153,97.13,56.8,
849.6,10.7,96.5,59.7,153,97.17,56.8,
850.56,10.7,96.5,43.0,153,97.16,56.8,
851.52,10.7,96.5,40.0,153,97.17,56.8,
852.48,10.7,96.5,65.5,153,97.14,56.8,
853.44,10.7,96.5,60.8,153,97.13,56.8,
854.4,10.7,96.5,40.0,153,97.18,56.8,
855.36,10.7,96.5,58.5,153,97.16,56.7,
856.32,10.7,96.5,40.0,153,97.15,56.7,
857.28,10.7,96.5,74.7,153,97.14,56.7,
858.24,10.7,96.5,49.9,153,97.15,56.7,
859.2,10.7,96.5,54.1,153,97.13,56.7,
860.16,10.7,96.5,57.9,153,97.15,56.7,
861.12,10.7,96.5,61.1,153,97.15,56.7,
862.08,10.7,96.5,45.1,153,97.19,56.7,
863.04,10.7,96.5,40.0,153,97.16,56.7,
864,10.7,96.5,40.0,154,97.14,56.7,
864.96,10.7,96.5,40.0,154,97.15,56.7,
865.92,10.7,96.5,50.8,153,97.16,56.7,
866.88,10.7,96.5,45.0,153,97.14,56.7,
867.84,10.7,96.5,40.0,154,97.17,56.7,
868.8,10.7,96.5,66.3,154,97.14,56.7,
869.76,10.7,96.5,40.0,154,97.15,56.7,
870.72,10.7,96.5,61.0,154,97.17,56.7,
871.68,10.7,96.5,49.7,154,97.13,56.7,
872.64,10.7,96.5,40.0,154,97.15,56.7,
873.6,10.7,96.5,40.0,154,97.12,56.7,
874.56,10.7,96.5,40.0,154,97.14,56.7,
875.52,10.7,96.5,64.4,155,97.16,56.7,
876.48,10.7,96.5,43.4,155,97.16,56.7,
877.44,10.7,96.5,58.7,155,97.14,56.7,
878.4,10.7,96.5,58.1,155,97.14,56.7,
879.36,10.7,96.5,40.0,155,97.14,56.7,
880.32,10.7,96.5,53.5,155,97.15,56.7,
881.28,10.7,96.5,51.2,155,97.17,56.7,
882.24,10.7,96.5,61.6,155,97.12,56.7,
883.2,10.7,96.5,42.3,155,97.11,56.7,
884.16,10.7,96.5,40.0,155,97.14,56.7,
885.12,10.7,96.5,58.7,155,97.15,56.7,
886.08,10.7,96.5,40.0,155,97.15,56.7,
887.04,10.7,96.5,40.0,155,97.11,56.7,
888,10.7,96.5,40.0,155,97.16,56.7,
888.96,10.7,96.5,40.0,155,97.16,56.7,
889.92,10.7,96.5,46.2,155,97.15,56.7,
890.88,10.7,96.5,40.0,155,97.18,56.7,
891.84,10.7,96.5,65.7,155,97.15,56.7,
892.8,10.7,96.5,40.0,155,97.14,56.7,
893.76,10.7,96.5,67.8,155,97.13,56.7,
